student_id,Curso,Semestre,Nota Curso,n_asistencias,asistio
00728ace6c34b6d548c9a52d,Cálculo Vectorial,2025-2,,0,False
00728ace6c34b6d548c9a52d,Cálculo Vectorial,2025-2,3.07,0,False
008b556a0621ecc40c52a7c4,Electricidad y Magnetismo,2025-2,,0,False
008b556a0621ecc40c52a7c4,Electricidad y Magnetismo,2025-2,3.64,0,False
01c00cf8e4ca011bb5fd33a8,Cálculo Diferencial,2025-2,,0,False
01c00cf8e4ca011bb5fd33a8,Cálculo Diferencial,2025-2,3.75,0,False
021c8ee196052cbdf6918d8d,Cálculo Diferencial,2025-2,,2,True
021c8ee196052cbdf6918d8d,Cálculo Diferencial,2025-2,4.54,2,True
02607c2c2b3880b1514e3e1e,Cálculo Integral,2025-2,2.84,0,False
02607c2c2b3880b1514e3e1e,Cálculo Integral,2025-2,3.76,0,False
02630362cdcfe8de2f79f265,Fundamentos de Química,2025-2,,0,False
02630362cdcfe8de2f79f265,Fundamentos de Química,2025-2,3.26,0,False
06b74a0b54004b6f7e3b1edd,Cálculo Integral,2025-2,2.18,3,True
06b74a0b54004b6f7e3b1edd,Cálculo Integral,2025-2,3.56,3,True
073a35b3bf7f280c07e7dd3d,Cálculo Diferencial,2025-2,1.42,0,False
073a35b3bf7f280c07e7dd3d,Cálculo Diferencial,2025-2,2.17,0,False
07bc50e6c2a3c6d17336c74c,Cálculo Integral,2026-1,,10,True
07bc50e6c2a3c6d17336c74c,Cálculo Integral,2026-1,3.01,10,True
0818d46b0a8721acdc116023,Cálculo Vectorial,2026-1,,0,False
0818d46b0a8721acdc116023,Cálculo Vectorial,2026-1,3.34,0,False
08ce0ed1de63c261339ab031,Cálculo Diferencial,2026-1,,2,True
08ce0ed1de63c261339ab031,Cálculo Diferencial,2026-1,3.03,2,True
08ce0ed1de63c261339ab031,Geometría Analítica,2026-1,,0,False
08ce0ed1de63c261339ab031,Geometría Analítica,2026-1,2.32,0,False
08ce0ed1de63c261339ab031,Geometría Analítica,2026-1,2.77,0,False
0902e858993ef33d4f2e2412,Cálculo Diferencial,2025-2,,1,True
0902e858993ef33d4f2e2412,Cálculo Diferencial,2025-2,3.04,1,True
092520ff6cf054356b78a495,Cálculo Diferencial,2026-1,,3,True
092520ff6cf054356b78a495,Cálculo Diferencial,2026-1,3.53,3,True
0a59d077ceb0f8d9829901bd,Cálculo Integral,2026-1,1.69,7,True
0a59d077ceb0f8d9829901bd,Cálculo Integral,2026-1,3.00,7,True
0ad05dd2fd04f226cfa85300,Fundamentos Matemáticos,2026-1,,0,False
0ad05dd2fd04f226cfa85300,Fundamentos Matemáticos,2026-1,4.39,0,False
0ad05dd2fd04f226cfa85300,Fundamentos de Química,2026-1,,0,False
0ad05dd2fd04f226cfa85300,Fundamentos de Química,2026-1,3.55,0,False
0ad05dd2fd04f226cfa85300,Geometría Analítica,2026-1,,2,True
0ad05dd2fd04f226cfa85300,Geometría Analítica,2026-1,3.16,2,True
0b6e88ced116b906b2776ef0,Cálculo Vectorial,2026-1,,0,False
0b6e88ced116b906b2776ef0,Cálculo Vectorial,2026-1,3.45,0,False
0ce5ce20fa95efc8135c0857,Cálculo Diferencial,2025-2,2.52,0,False
0ce5ce20fa95efc8135c0857,Cálculo Diferencial,2025-2,3.88,0,False
0ce5ce20fa95efc8135c0857,Cálculo Integral,2026-1,,0,False
0ce5ce20fa95efc8135c0857,Cálculo Integral,2026-1,3.00,0,False
0e7cbe7e47a5d266548c3bda,Álgebra Lineal,2026-1,2.82,1,True
0e7cbe7e47a5d266548c3bda,Álgebra Lineal,2026-1,4.20,1,True
0eb030409667f607cfc454c0,Fundamentos Matemáticos,2026-1,,1,True
0eb030409667f607cfc454c0,Fundamentos Matemáticos,2026-1,4.19,1,True
11983233ecbc234a1fdd6882,Cálculo Diferencial,2025-2,,0,False
11983233ecbc234a1fdd6882,Cálculo Diferencial,2025-2,3.32,0,False
11d909c70aa7a679276e3477,Fundamentos Matemáticos,2025-2,,0,False
11d909c70aa7a679276e3477,Fundamentos Matemáticos,2025-2,3.62,0,False
1276933badd57580a23d7170,Física Mecánica,2025-2,,0,False
1276933badd57580a23d7170,Física Mecánica,2025-2,3.06,0,False
14418fcf7fdbbd3caf6276d0,Fundamentos Matemáticos,2026-1,,0,False
14418fcf7fdbbd3caf6276d0,Fundamentos Matemáticos,2026-1,4.68,0,False
15e1f667ead9dc090440762c,Ecuaciones Diferenciales,2026-1,,10,True
15e1f667ead9dc090440762c,Ecuaciones Diferenciales,2026-1,4.90,10,True
166bb74ef810034d9de43e90,Cálculo Diferencial,2025-2,1.64,0,False
166bb74ef810034d9de43e90,Cálculo Diferencial,2025-2,2.14,0,False
166bb74ef810034d9de43e90,Fundamentos Matemáticos,2025-2,,0,False
166bb74ef810034d9de43e90,Fundamentos Matemáticos,2025-2,3.00,0,False
16a3d472d795d2dee131229e,Ecuaciones Diferenciales,2025-2,0.30,0,False
16a3d472d795d2dee131229e,Ecuaciones Diferenciales,2025-2,1.65,0,False
16a3d472d795d2dee131229e,Ecuaciones Diferenciales,2026-1,,2,True
16a3d472d795d2dee131229e,Ecuaciones Diferenciales,2026-1,4.90,2,True
16b083be5add4d3de3035674,Cálculo Integral,2026-1,2.37,0,False
16b083be5add4d3de3035674,Cálculo Integral,2026-1,3.03,0,False
17ec940cc5519508bcea2dd3,Álgebra Lineal,2026-1,,1,True
17ec940cc5519508bcea2dd3,Álgebra Lineal,2026-1,3.23,1,True
180bc0c9ee6f55f471d9c120,Cálculo Diferencial,2025-2,,0,False
180bc0c9ee6f55f471d9c120,Cálculo Diferencial,2025-2,3.96,0,False
18c0efcbe3c6ac55e6e0f30c,Cálculo Diferencial,2025-2,,0,False
18c0efcbe3c6ac55e6e0f30c,Cálculo Diferencial,2025-2,2.68,0,False
18c0efcbe3c6ac55e6e0f30c,Geometría Analítica,2026-1,,0,False
18c0efcbe3c6ac55e6e0f30c,Geometría Analítica,2026-1,2.51,0,False
1a4250e0503ff33e9585ed63,Cálculo Diferencial,2025-2,,1,True
1a4250e0503ff33e9585ed63,Cálculo Diferencial,2025-2,2.65,1,True
1c33a36f6edb4285c412f508,Cálculo Diferencial,2025-2,,1,True
1c33a36f6edb4285c412f508,Cálculo Diferencial,2025-2,1.82,1,True
1f225d9e1d75efefe08af926,Cálculo Diferencial,2026-1,,3,True
1f225d9e1d75efefe08af926,Cálculo Diferencial,2026-1,1.68,3,True
2179eee37a6abd83c87a495e,Cálculo Integral,2026-1,1.83,1,True
2179eee37a6abd83c87a495e,Cálculo Integral,2026-1,3.04,1,True
229c2f30234a7d40cf9bfed2,Cálculo Integral,2026-1,,1,True
229c2f30234a7d40cf9bfed2,Cálculo Integral,2026-1,3.52,1,True
23814b03e6d63fd72a052fef,Cálculo Diferencial,2026-1,,0,False
23814b03e6d63fd72a052fef,Cálculo Diferencial,2026-1,2.40,0,False
23814b03e6d63fd72a052fef,Geometría Analítica,2026-1,,0,False
23814b03e6d63fd72a052fef,Geometría Analítica,2026-1,3.25,0,False
239194eb2f50cd995c76bfde,Fundamentos Matemáticos,2025-2,,0,False
239194eb2f50cd995c76bfde,Fundamentos Matemáticos,2025-2,3.20,0,False
23d0e76fe9fec7cf8e7113b2,Cálculo Diferencial,2026-1,2.59,1,True
23d0e76fe9fec7cf8e7113b2,Cálculo Diferencial,2026-1,2.61,1,True
23e8ce2b7966bbf953cd9596,Cálculo Integral,2026-1,,0,False
23e8ce2b7966bbf953cd9596,Cálculo Integral,2026-1,2.79,0,False
259ae18970c734c8c3e6d65a,Ecuaciones Diferenciales,2026-1,,0,False
259ae18970c734c8c3e6d65a,Ecuaciones Diferenciales,2026-1,4.50,0,False
25c6841db688390d38a5ea36,Cálculo Integral,2025-2,,1,True
25c6841db688390d38a5ea36,Cálculo Integral,2025-2,3.12,1,True
27a7a5fc440e2f068ddc8a4b,Cálculo Diferencial,2026-1,,0,False
27a7a5fc440e2f068ddc8a4b,Cálculo Diferencial,2026-1,2.36,0,False
27db8468a09679bff7e99e3c,Cálculo Diferencial,2026-1,,1,True
27db8468a09679bff7e99e3c,Cálculo Diferencial,2026-1,3.45,1,True
27ed7ae791bddf3608576cca,Física Mecánica,2025-2,,0,False
27ed7ae791bddf3608576cca,Física Mecánica,2025-2,3.04,0,False
2a063bf494241be7ee0e626e,Cálculo Diferencial,2026-1,,1,True
2a063bf494241be7ee0e626e,Cálculo Diferencial,2026-1,3.83,1,True
2a3276256e0e66393d9d50de,Cálculo Integral,2026-1,,0,False
2a3276256e0e66393d9d50de,Cálculo Integral,2026-1,2.35,0,False
2a3276256e0e66393d9d50de,Ecuaciones Diferenciales,2026-1,,2,True
2a3276256e0e66393d9d50de,Ecuaciones Diferenciales,2026-1,3.00,2,True
2a3276256e0e66393d9d50de,Física Mecánica,2026-1,,0,False
2a3276256e0e66393d9d50de,Física Mecánica,2026-1,3.64,0,False
2a377d11db68aa0eb2766951,Ecuaciones Diferenciales,2025-2,,0,False
2a377d11db68aa0eb2766951,Ecuaciones Diferenciales,2025-2,3.00,0,False
2b314d5788a604f8fc2095d7,Cálculo Diferencial,2026-1,,0,False
2b314d5788a604f8fc2095d7,Cálculo Diferencial,2026-1,2.44,0,False
2b314d5788a604f8fc2095d7,Geometría Analítica,2026-1,,0,False
2b314d5788a604f8fc2095d7,Geometría Analítica,2026-1,2.66,0,False
2b6e6060a36a5e485e36ebbf,Cálculo Diferencial,2026-1,,0,False
2b6e6060a36a5e485e36ebbf,Cálculo Diferencial,2026-1,2.91,0,False
2c5abda0e980fb16895a286e,Cálculo Diferencial,2026-1,,0,False
2c5abda0e980fb16895a286e,Cálculo Diferencial,2026-1,3.73,0,False
31b47f11a3122e9dcf39d8f8,Física Mecánica,2026-1,,1,True
31b47f11a3122e9dcf39d8f8,Física Mecánica,2026-1,2.70,1,True
322f9e6abeaf147c3e60272c,Cálculo Integral,2026-1,,0,False
322f9e6abeaf147c3e60272c,Cálculo Integral,2026-1,2.22,0,False
335697d9246b410c63493528,Cálculo Integral,2025-2,,0,False
335697d9246b410c63493528,Cálculo Integral,2025-2,3.47,0,False
33de94a8e689cdf81f832b8e,Geometría Analítica,2026-1,,0,False
33de94a8e689cdf81f832b8e,Geometría Analítica,2026-1,1.08,0,False
33deb7ed2e5721f4acdbdb37,Cálculo Diferencial,2025-2,,0,False
33deb7ed2e5721f4acdbdb37,Cálculo Diferencial,2025-2,3.13,0,False
352e89d1e01f6d1f25b15e5a,Ecuaciones Diferenciales,2026-1,,0,False
352e89d1e01f6d1f25b15e5a,Ecuaciones Diferenciales,2026-1,4.90,0,False
37d68429464bdc5f79af3e88,Cálculo Diferencial,2025-2,2.57,0,False
37d68429464bdc5f79af3e88,Cálculo Diferencial,2025-2,3.05,0,False
37d68429464bdc5f79af3e88,Física Mecánica,2026-1,,0,False
37d68429464bdc5f79af3e88,Física Mecánica,2026-1,1.80,0,False
3982b089aa79e2817aa98242,Cálculo Integral,2026-1,,0,False
3982b089aa79e2817aa98242,Cálculo Integral,2026-1,3.07,0,False
3a9165d948006b9dc9044521,Ecuaciones Diferenciales,2026-1,2.44,0,False
3a9165d948006b9dc9044521,Ecuaciones Diferenciales,2026-1,5.00,0,False
3c64eb137925b4a2e7d9c3a9,Cálculo Vectorial,2026-1,,0,False
3c64eb137925b4a2e7d9c3a9,Cálculo Vectorial,2026-1,2.44,0,False
3d477ee54622bd2ce0fa992b,Cálculo Integral,2025-2,2.75,5,True
3d477ee54622bd2ce0fa992b,Cálculo Integral,2025-2,3.95,5,True
3d663583a44e0c1ea6e4e975,Cálculo Diferencial,2026-1,,0,False
3d663583a44e0c1ea6e4e975,Cálculo Diferencial,2026-1,1.31,0,False
3d96f892d984bcf5a8be5a32,Física Mecánica,2025-2,,0,False
3d96f892d984bcf5a8be5a32,Física Mecánica,2025-2,0.34,0,False
3eb19667ff53eb503a5a5d97,Cálculo Diferencial,2025-2,,2,True
3eb19667ff53eb503a5a5d97,Cálculo Diferencial,2025-2,3.09,2,True
3ec2fb13083c8c40ac1ce021,Electricidad y Magnetismo,2025-2,,0,False
3ec2fb13083c8c40ac1ce021,Electricidad y Magnetismo,2025-2,3.14,0,False
3f9127fbcc8649f5e5e559d6,Cálculo Integral,2026-1,,0,False
3f9127fbcc8649f5e5e559d6,Cálculo Integral,2026-1,3.04,0,False
40bd36a2b539962aeee1a636,Cálculo Diferencial,2026-1,,0,False
40bd36a2b539962aeee1a636,Cálculo Diferencial,2026-1,3.88,0,False
41e94bbe661c53cbce40e7e1,Fundamentos Matemáticos,2025-2,,0,False
41e94bbe661c53cbce40e7e1,Fundamentos Matemáticos,2025-2,3.84,0,False
42806bdb0bd294e70754d835,Geometría Analítica,2026-1,2.17,0,False
42806bdb0bd294e70754d835,Geometría Analítica,2026-1,2.75,0,False
42b28a29dc0798d57b1bba76,Cálculo Integral,2025-2,1.69,0,False
42b28a29dc0798d57b1bba76,Cálculo Integral,2025-2,4.33,0,False
43c805c2e66e523d813cd317,Álgebra Lineal,2025-2,,1,True
43c805c2e66e523d813cd317,Álgebra Lineal,2025-2,0.00,1,True
43d7003104f3b58cef36e96e,Electricidad y Magnetismo,2025-2,,0,False
43d7003104f3b58cef36e96e,Electricidad y Magnetismo,2025-2,3.87,0,False
4580bb5dbefa284fca8b9be0,Electricidad y Magnetismo,2025-2,,0,False
4580bb5dbefa284fca8b9be0,Electricidad y Magnetismo,2025-2,3.24,0,False
45939362bf1a51a700cce60d,Cálculo Diferencial,2026-1,,0,False
45939362bf1a51a700cce60d,Cálculo Diferencial,2026-1,1.37,0,False
48869d99fc6c9e45176cbfb0,Cálculo Diferencial,2026-1,,0,False
48869d99fc6c9e45176cbfb0,Cálculo Diferencial,2026-1,3.82,0,False
48869d99fc6c9e45176cbfb0,Geometría Analítica,2026-1,,0,False
48869d99fc6c9e45176cbfb0,Geometría Analítica,2026-1,3.36,0,False
4946c34bb6e19a1ec848fcfb,Cálculo Vectorial,2025-2,,0,False
4946c34bb6e19a1ec848fcfb,Cálculo Vectorial,2025-2,3.09,0,False
4c29fdfc7a91b45671a0a554,Fundamentos de Química,2025-2,,0,False
4c29fdfc7a91b45671a0a554,Fundamentos de Química,2025-2,0.00,0,False
4d14afb34e5c4f2e661b8a9e,Cálculo Vectorial,2026-1,2.85,0,False
4d14afb34e5c4f2e661b8a9e,Cálculo Vectorial,2026-1,3.13,0,False
4d14afb34e5c4f2e661b8a9e,Ecuaciones Diferenciales,2025-2,2.83,0,False
4d14afb34e5c4f2e661b8a9e,Ecuaciones Diferenciales,2025-2,3.00,0,False
4d94ef65d7ea1b22130dd14b,Cálculo Diferencial,2026-1,,0,False
4d94ef65d7ea1b22130dd14b,Cálculo Diferencial,2026-1,3.03,0,False
4e2d84d2012d30ed6ee33b2a,Cálculo Integral,2026-1,,0,False
4e2d84d2012d30ed6ee33b2a,Cálculo Integral,2026-1,2.08,0,False
4efcefbbb27d96f101a3d699,Fundamentos Matemáticos,2025-2,,0,False
4efcefbbb27d96f101a3d699,Fundamentos Matemáticos,2025-2,3.62,0,False
50b94b3050a58de29189cc01,Cálculo Vectorial,2026-1,,0,False
50b94b3050a58de29189cc01,Cálculo Vectorial,2026-1,3.31,0,False
512e3ba2f3d4632e8ded60ba,Ecuaciones Diferenciales,2025-2,2.60,0,False
512e3ba2f3d4632e8ded60ba,Ecuaciones Diferenciales,2025-2,3.50,0,False
514b8cc9ae9b859db7bff512,Cálculo Diferencial,2025-2,,0,False
514b8cc9ae9b859db7bff512,Cálculo Diferencial,2025-2,3.73,0,False
51f46ffde5ec1f58f012d466,Cálculo Integral,2025-2,,0,False
51f46ffde5ec1f58f012d466,Cálculo Integral,2025-2,2.68,0,False
549df1916b906046c2045388,Cálculo Vectorial,2025-2,,4,True
549df1916b906046c2045388,Cálculo Vectorial,2025-2,2.13,4,True
552279da3ec6a6d2a3ee2989,Cálculo Diferencial,2025-2,,0,False
552279da3ec6a6d2a3ee2989,Cálculo Diferencial,2025-2,2.24,0,False
552279da3ec6a6d2a3ee2989,Cálculo Diferencial,2025-2,2.60,0,False
5593215f7d96ff831fd4541f,Cálculo Diferencial,2026-1,,1,True
5593215f7d96ff831fd4541f,Cálculo Diferencial,2026-1,3.15,1,True
5593215f7d96ff831fd4541f,Geometría Analítica,2026-1,,1,True
5593215f7d96ff831fd4541f,Geometría Analítica,2026-1,3.36,1,True
57db98ab11ebada3f952e249,Cálculo Integral,2026-1,,0,False
57db98ab11ebada3f952e249,Cálculo Integral,2026-1,3.04,0,False
5a87794d7a6d085bd2367b8f,Física Mecánica,2025-2,,0,False
5a87794d7a6d085bd2367b8f,Física Mecánica,2025-2,3.04,0,False
5ad10194b9bdd68278e7b5c1,Cálculo Integral,2025-2,,0,False
5ad10194b9bdd68278e7b5c1,Cálculo Integral,2025-2,3.61,0,False
5c54e9e202f272462a51cafe,Álgebra Lineal,2026-1,,0,False
5c54e9e202f272462a51cafe,Álgebra Lineal,2026-1,3.10,0,False
5c58e6c71272a7e8016edffc,Cálculo Diferencial,2026-1,,0,False
5c58e6c71272a7e8016edffc,Cálculo Diferencial,2026-1,2.70,0,False
5c58e6c71272a7e8016edffc,Geometría Analítica,2026-1,,0,False
5c58e6c71272a7e8016edffc,Geometría Analítica,2026-1,3.33,0,False
5c76332744e45a8ae00e436b,Cálculo Diferencial,2025-2,2.13,1,True
5c76332744e45a8ae00e436b,Cálculo Diferencial,2025-2,3.06,1,True
5ea73bfa5723c2a4b83ef286,Geometría Analítica,2026-1,,0,False
5ea73bfa5723c2a4b83ef286,Geometría Analítica,2026-1,3.61,0,False
5ea73bfa5723c2a4b83ef286,Álgebra Lineal,2025-2,,2,True
5ea73bfa5723c2a4b83ef286,Álgebra Lineal,2025-2,3.98,2,True
5ed0374ef37bd19d08e722fc,Cálculo Integral,2025-2,,1,True
5ed0374ef37bd19d08e722fc,Cálculo Integral,2025-2,2.17,1,True
5f1369f7e1a982a649976f5e,Física Mecánica,2025-2,,0,False
5f1369f7e1a982a649976f5e,Física Mecánica,2025-2,3.02,0,False
5f7a607b1fa95e4bbe6997c7,Geometría Analítica,2026-1,,1,True
5f7a607b1fa95e4bbe6997c7,Geometría Analítica,2026-1,3.02,1,True
60201d6c936a016e4d951d35,Cálculo Integral,2026-1,2.66,1,True
60201d6c936a016e4d951d35,Cálculo Integral,2026-1,2.82,1,True
60201d6c936a016e4d951d35,Fundamentos de Química,2026-1,,0,False
60201d6c936a016e4d951d35,Fundamentos de Química,2026-1,3.13,0,False
60c23933d5c079da588c65fe,Ecuaciones Diferenciales,2026-1,2.66,1,True
60c23933d5c079da588c65fe,Ecuaciones Diferenciales,2026-1,4.90,1,True
60c23933d5c079da588c65fe,Álgebra Lineal,2025-2,2.61,0,False
60c23933d5c079da588c65fe,Álgebra Lineal,2025-2,4.50,0,False
639d95befe1d194570be7da3,Física Mecánica,2025-2,2.53,0,False
639d95befe1d194570be7da3,Física Mecánica,2025-2,3.86,0,False
64dc35c55affa36d2bd69561,Cálculo Diferencial,2026-1,,0,False
64dc35c55affa36d2bd69561,Cálculo Diferencial,2026-1,3.85,0,False
64dc35c55affa36d2bd69561,Fundamentos Matemáticos,2026-1,,0,False
64dc35c55affa36d2bd69561,Fundamentos Matemáticos,2026-1,3.00,0,False
64dc35c55affa36d2bd69561,Geometría Analítica,2026-1,,0,False
64dc35c55affa36d2bd69561,Geometría Analítica,2026-1,3.80,0,False
65cc3736ff8aa52ac3ae2c8e,Ecuaciones Diferenciales,2026-1,2.31,0,False
65cc3736ff8aa52ac3ae2c8e,Ecuaciones Diferenciales,2026-1,4.90,0,False
66bcd71f5e105aae89e0fe25,Cálculo Integral,2025-2,,1,True
66bcd71f5e105aae89e0fe25,Cálculo Integral,2025-2,2.98,1,True
67a37284898b0e5909ae53d8,Cálculo Diferencial,2026-1,,3,True
67a37284898b0e5909ae53d8,Cálculo Diferencial,2026-1,4.00,3,True
67efe791d1f6b2f79ee18115,Cálculo Vectorial,2026-1,2.70,0,False
67efe791d1f6b2f79ee18115,Cálculo Vectorial,2026-1,4.10,0,False
67efe791d1f6b2f79ee18115,Fundamentos de Química,2025-2,3.10,0,False
67efe791d1f6b2f79ee18115,Fundamentos de Química,2025-2,3.40,0,False
67efe791d1f6b2f79ee18115,Geometría Analítica,2025-2,,0,False
67efe791d1f6b2f79ee18115,Geometría Analítica,2025-2,4.00,0,False
6a64f4496c0c8a0b993dbf6d,Cálculo Diferencial,2025-2,,0,False
6a64f4496c0c8a0b993dbf6d,Cálculo Diferencial,2025-2,3.00,0,False
6a81470f178ce136c1acdda8,Álgebra Lineal,2026-1,,0,False
6a81470f178ce136c1acdda8,Álgebra Lineal,2026-1,3.60,0,False
6b4302820000b589247f7a65,Cálculo Diferencial,2026-1,,0,False
6b4302820000b589247f7a65,Cálculo Diferencial,2026-1,3.83,0,False
6b6b5e4076b0248a338203bb,Ecuaciones Diferenciales,2026-1,,0,False
6b6b5e4076b0248a338203bb,Ecuaciones Diferenciales,2026-1,5.00,0,False
6c5c4836acdc321f44f70c7b,Ecuaciones Diferenciales,2025-2,,0,False
6c5c4836acdc321f44f70c7b,Ecuaciones Diferenciales,2025-2,3.02,0,False
6c5c4836acdc321f44f70c7b,Electricidad y Magnetismo,2025-2,,2,True
6c5c4836acdc321f44f70c7b,Electricidad y Magnetismo,2025-2,3.00,2,True
6c83c0cbceb2dfc748b155fe,Fundamentos de Química,2026-1,,0,False
6c83c0cbceb2dfc748b155fe,Fundamentos de Química,2026-1,3.03,0,False
6da927a715dc6345981af9ed,Cálculo Integral,2026-1,,0,False
6da927a715dc6345981af9ed,Cálculo Integral,2026-1,3.04,0,False
6da927a715dc6345981af9ed,Fundamentos de Química,2025-2,,0,False
6da927a715dc6345981af9ed,Fundamentos de Química,2025-2,3.43,0,False
6db91f2f83c41b72ad093853,Fundamentos de Química,2025-2,,0,False
6db91f2f83c41b72ad093853,Fundamentos de Química,2025-2,4.74,0,False
6e221fd399c66d2d8d7d8ea9,Cálculo Diferencial,2025-2,2.86,1,True
6e221fd399c66d2d8d7d8ea9,Cálculo Diferencial,2025-2,3.46,1,True
6ea0a6610a66d8a6bfa0508d,Geometría Analítica,2026-1,1.39,0,False
6ea0a6610a66d8a6bfa0508d,Geometría Analítica,2026-1,3.00,0,False
6f345e7c3c43e3aa3e099aa2,Cálculo Vectorial,2025-2,,0,False
6f345e7c3c43e3aa3e099aa2,Cálculo Vectorial,2025-2,3.24,0,False
6f41b5761dd32ad7fd3aa56b,Cálculo Integral,2026-1,,0,False
6f41b5761dd32ad7fd3aa56b,Cálculo Integral,2026-1,3.39,0,False
7066d911d6e7d99149218eb2,Ecuaciones Diferenciales,2025-2,2.88,9,True
7066d911d6e7d99149218eb2,Ecuaciones Diferenciales,2025-2,3.51,9,True
711f208da46cef4c13777b26,Cálculo Diferencial,2025-2,,0,False
711f208da46cef4c13777b26,Cálculo Diferencial,2025-2,2.40,0,False
71c07eea83bc8d7aacd26653,Cálculo Diferencial,2025-2,,0,False
71c07eea83bc8d7aacd26653,Cálculo Diferencial,2025-2,3.57,0,False
72ea45ee64d3b3870bdce3bf,Cálculo Integral,2025-2,,1,True
72ea45ee64d3b3870bdce3bf,Cálculo Integral,2025-2,3.06,1,True
73ab6d9886f525938a33c874,Cálculo Diferencial,2025-2,2.67,0,False
73ab6d9886f525938a33c874,Cálculo Diferencial,2025-2,3.68,0,False
73e9d9af4e58a8fe1659aa7a,Cálculo Vectorial,2026-1,2.50,0,False
73e9d9af4e58a8fe1659aa7a,Cálculo Vectorial,2026-1,2.76,0,False
742079d6db5a070ae174d0be,Cálculo Integral,2025-2,,1,True
742079d6db5a070ae174d0be,Cálculo Integral,2025-2,2.66,1,True
742079d6db5a070ae174d0be,Cálculo Integral,2025-2,3.70,1,True
747b5449b7f7a247489297ab,Cálculo Integral,2025-2,2.68,1,True
747b5449b7f7a247489297ab,Cálculo Integral,2025-2,4.30,1,True
77294b60bedc35c1d619d247,Cálculo Diferencial,2026-1,,0,False
77294b60bedc35c1d619d247,Cálculo Diferencial,2026-1,3.23,0,False
774afd4c2c08a3daaa174617,Cálculo Diferencial,2025-2,,0,False
774afd4c2c08a3daaa174617,Cálculo Diferencial,2025-2,4.26,0,False
78e4c00d3322b7f8de2f2f00,Cálculo Integral,2025-2,,0,False
78e4c00d3322b7f8de2f2f00,Cálculo Integral,2025-2,3.34,0,False
78e4c00d3322b7f8de2f2f00,Física Mecánica,2025-2,2.76,1,True
78e4c00d3322b7f8de2f2f00,Física Mecánica,2025-2,4.32,1,True
7ba5c0117cf58a6d9bed8cf9,Cálculo Integral,2025-2,2.77,1,True
7ba5c0117cf58a6d9bed8cf9,Cálculo Integral,2025-2,4.05,1,True
7ba5c0117cf58a6d9bed8cf9,Ecuaciones Diferenciales,2026-1,2.12,1,True
7ba5c0117cf58a6d9bed8cf9,Ecuaciones Diferenciales,2026-1,4.85,1,True
7c20d9aaa177c0c55b4efc33,Geometría Analítica,2026-1,2.57,0,False
7c20d9aaa177c0c55b4efc33,Geometría Analítica,2026-1,3.04,0,False
7d47fa3bb5c259a14b0aa22f,Cálculo Diferencial,2026-1,,0,False
7d47fa3bb5c259a14b0aa22f,Cálculo Diferencial,2026-1,3.04,0,False
7d47fa3bb5c259a14b0aa22f,Geometría Analítica,2026-1,,0,False
7d47fa3bb5c259a14b0aa22f,Geometría Analítica,2026-1,3.19,0,False
7d97761adc4e4f07dc9db1d1,Cálculo Diferencial,2025-2,,2,True
7d97761adc4e4f07dc9db1d1,Cálculo Diferencial,2025-2,3.02,2,True
7dcc296547efce72584f5ee9,Cálculo Diferencial,2026-1,,0,False
7dcc296547efce72584f5ee9,Cálculo Diferencial,2026-1,2.57,0,False
7dcc296547efce72584f5ee9,Geometría Analítica,2026-1,,1,True
7dcc296547efce72584f5ee9,Geometría Analítica,2026-1,2.50,1,True
7ead4e8deebfde7a722c435f,Física Mecánica,2026-1,,0,False
7ead4e8deebfde7a722c435f,Física Mecánica,2026-1,2.75,0,False
80b385eb09b83b302ac48896,Electricidad y Magnetismo,2026-1,1.52,0,False
80b385eb09b83b302ac48896,Electricidad y Magnetismo,2026-1,3.85,0,False
8187dafd045f13765837cf70,Cálculo Integral,2025-2,2.56,0,False
8187dafd045f13765837cf70,Cálculo Integral,2025-2,4.21,0,False
82ab49faba7ca2fa0adc4f74,Cálculo Diferencial,2025-2,,0,False
82ab49faba7ca2fa0adc4f74,Cálculo Diferencial,2025-2,2.58,0,False
82ab49faba7ca2fa0adc4f74,Cálculo Diferencial,2025-2,3.02,0,False
82eb3ef325ed6eafd7589a4a,Electricidad y Magnetismo,2025-2,,0,False
82eb3ef325ed6eafd7589a4a,Electricidad y Magnetismo,2025-2,4.05,0,False
857322df6a8e82ff185787ad,Cálculo Diferencial,2026-1,,0,False
857322df6a8e82ff185787ad,Cálculo Diferencial,2026-1,3.51,0,False
85a4dbd582670c9ca0e77d43,Cálculo Integral,2025-2,,0,False
85a4dbd582670c9ca0e77d43,Cálculo Integral,2025-2,4.67,0,False
8755d89b390648a09a13f960,Cálculo Diferencial,2026-1,,0,False
8755d89b390648a09a13f960,Cálculo Diferencial,2026-1,2.64,0,False
8a64e82fdf6b5692138aeef4,Cálculo Diferencial,2026-1,,0,False
8a64e82fdf6b5692138aeef4,Cálculo Diferencial,2026-1,4.23,0,False
8be572c8b06c99e6a0a5225e,Cálculo Vectorial,2025-2,2.29,1,True
8be572c8b06c99e6a0a5225e,Cálculo Vectorial,2025-2,3.18,1,True
8cb3920f11971075b3cc3a01,Cálculo Vectorial,2026-1,,0,False
8cb3920f11971075b3cc3a01,Cálculo Vectorial,2026-1,3.00,0,False
8cb48bc29bd8041ffea69bfb,Cálculo Integral,2025-2,2.66,1,True
8cb48bc29bd8041ffea69bfb,Cálculo Integral,2025-2,3.89,1,True
8dc6585ca03c49583d8a038e,Cálculo Diferencial,2026-1,,2,True
8dc6585ca03c49583d8a038e,Cálculo Diferencial,2026-1,3.03,2,True
8eed88c49eb1388ebb3de1b8,Cálculo Vectorial,2026-1,2.39,1,True
8eed88c49eb1388ebb3de1b8,Cálculo Vectorial,2026-1,2.63,1,True
8f90e773b407967a31a9343b,Cálculo Diferencial,2026-1,,0,False
8f90e773b407967a31a9343b,Cálculo Diferencial,2026-1,3.29,0,False
8f90e773b407967a31a9343b,Geometría Analítica,2026-1,,0,False
8f90e773b407967a31a9343b,Geometría Analítica,2026-1,3.16,0,False
922c72b5710b4d9def52641b,Cálculo Diferencial,2026-1,,0,False
922c72b5710b4d9def52641b,Cálculo Diferencial,2026-1,2.02,0,False
925a5274199d527ba355d925,Álgebra Lineal,2025-2,,4,True
925a5274199d527ba355d925,Álgebra Lineal,2025-2,3.87,4,True
92858cf8af87f72d30a11f30,Cálculo Diferencial,2026-1,,2,True
92858cf8af87f72d30a11f30,Cálculo Diferencial,2026-1,4.73,2,True
93e78c3f6f9586b681186061,Cálculo Diferencial,2026-1,1.42,0,False
93e78c3f6f9586b681186061,Cálculo Diferencial,2026-1,1.57,0,False
958b724d4d8a58d12a68f44d,Álgebra Lineal,2025-2,,1,True
958b724d4d8a58d12a68f44d,Álgebra Lineal,2025-2,4.29,1,True
960114f8668f5d573d458dc8,Cálculo Diferencial,2026-1,2.73,4,True
960114f8668f5d573d458dc8,Cálculo Diferencial,2026-1,3.71,4,True
9696008588f53f870fe8a104,Cálculo Diferencial,2026-1,,0,False
9696008588f53f870fe8a104,Cálculo Diferencial,2026-1,3.96,0,False
9757ce689773f17563d3d49e,Cálculo Vectorial,2026-1,,0,False
9757ce689773f17563d3d49e,Cálculo Vectorial,2026-1,3.44,0,False
9822beb47c8e0439dc722013,Geometría Analítica,2026-1,,2,True
9822beb47c8e0439dc722013,Geometría Analítica,2026-1,3.00,2,True
984dd6fd9e35e8eefdc0be78,Cálculo Vectorial,2025-2,,0,False
984dd6fd9e35e8eefdc0be78,Cálculo Vectorial,2025-2,2.34,0,False
98f4a486d665581c4cc10004,Cálculo Diferencial,2025-2,,0,False
98f4a486d665581c4cc10004,Cálculo Diferencial,2025-2,1.16,0,False
999cb75b3be325318d5f257f,Álgebra Lineal,2026-1,,2,True
999cb75b3be325318d5f257f,Álgebra Lineal,2026-1,3.54,2,True
9a5f8810b5dfd03ed0994716,Cálculo Diferencial,2026-1,,2,True
9a5f8810b5dfd03ed0994716,Cálculo Diferencial,2026-1,3.29,2,True
9a5f8810b5dfd03ed0994716,Geometría Analítica,2026-1,,0,False
9a5f8810b5dfd03ed0994716,Geometría Analítica,2026-1,4.24,0,False
9bd2e0abc17ba60c01c10872,Cálculo Diferencial,2026-1,,1,True
9bd2e0abc17ba60c01c10872,Cálculo Diferencial,2026-1,3.95,1,True
9ca12d68d73d180507143ee7,Ecuaciones Diferenciales,2026-1,,2,True
9ca12d68d73d180507143ee7,Ecuaciones Diferenciales,2026-1,3.13,2,True
9d03981c6de33ca7b45c78ed,Cálculo Diferencial,2025-2,,1,True
9d03981c6de33ca7b45c78ed,Cálculo Diferencial,2025-2,3.92,1,True
9d03981c6de33ca7b45c78ed,Cálculo Integral,2026-1,,0,False
9d03981c6de33ca7b45c78ed,Cálculo Integral,2026-1,2.06,0,False
9d607e9bbd23cf0f25b91882,Cálculo Vectorial,2025-2,2.74,1,True
9d607e9bbd23cf0f25b91882,Cálculo Vectorial,2025-2,3.89,1,True
9d61b1d572accb201fddbb4f,Cálculo Diferencial,2025-2,,0,False
9d61b1d572accb201fddbb4f,Cálculo Diferencial,2025-2,2.56,0,False
9e3ab3ba2a4bcc8ba98f2360,Cálculo Integral,2026-1,,0,False
9e3ab3ba2a4bcc8ba98f2360,Cálculo Integral,2026-1,3.08,0,False
9e49da7fdd34d09dcf54f595,Electricidad y Magnetismo,2025-2,,0,False
9e49da7fdd34d09dcf54f595,Electricidad y Magnetismo,2025-2,1.15,0,False
9efe8f92bc8239ffbe76a8a3,Ecuaciones Diferenciales,2026-1,,0,False
9efe8f92bc8239ffbe76a8a3,Ecuaciones Diferenciales,2026-1,5.00,0,False
a0c71dcbbfccec6528805530,Cálculo Diferencial,2025-2,2.30,3,True
a0c71dcbbfccec6528805530,Cálculo Diferencial,2025-2,3.73,3,True
a0d7463164d4beacfb4efb4b,Cálculo Integral,2026-1,,0,False
a0d7463164d4beacfb4efb4b,Cálculo Integral,2026-1,4.54,0,False
a0d7463164d4beacfb4efb4b,Geometría Analítica,2025-2,,0,False
a0d7463164d4beacfb4efb4b,Geometría Analítica,2025-2,4.07,0,False
a22b6a85eea19f3028840004,Cálculo Diferencial,2026-1,,0,False
a22b6a85eea19f3028840004,Cálculo Diferencial,2026-1,3.35,0,False
a22b6a85eea19f3028840004,Fundamentos Matemáticos,2026-1,,1,True
a22b6a85eea19f3028840004,Fundamentos Matemáticos,2026-1,3.29,1,True
a3b012ade4bbfead12aa4ee2,Electricidad y Magnetismo,2025-2,,0,False
a3b012ade4bbfead12aa4ee2,Electricidad y Magnetismo,2025-2,4.26,0,False
a3bc1f658ba3f2a17f2d67ea,Cálculo Diferencial,2026-1,2.56,4,True
a3bc1f658ba3f2a17f2d67ea,Cálculo Diferencial,2026-1,3.34,4,True
a4b1aed3c6b2393a8e4f7da4,Fundamentos de Química,2026-1,,0,False
a4b1aed3c6b2393a8e4f7da4,Fundamentos de Química,2026-1,0.00,0,False
a4b1aed3c6b2393a8e4f7da4,Álgebra Lineal,2026-1,,0,False
a4b1aed3c6b2393a8e4f7da4,Álgebra Lineal,2026-1,0.05,0,False
a5ca42c438be36f82124fcff,Álgebra Lineal,2025-2,,2,True
a5ca42c438be36f82124fcff,Álgebra Lineal,2025-2,3.84,2,True
a71362007d811380f07f050f,Cálculo Diferencial,2026-1,,0,False
a71362007d811380f07f050f,Cálculo Diferencial,2026-1,3.76,0,False
a7283155157838837779cd6c,Cálculo Integral,2025-2,2.48,1,True
a7283155157838837779cd6c,Cálculo Integral,2025-2,4.23,1,True
a7c7f9520e2526c23d71258e,Cálculo Diferencial,2026-1,,0,False
a7c7f9520e2526c23d71258e,Cálculo Diferencial,2026-1,3.22,0,False
a7c7f9520e2526c23d71258e,Geometría Analítica,2026-1,,0,False
a7c7f9520e2526c23d71258e,Geometría Analítica,2026-1,3.03,0,False
a976f1f09d5e4d4322f890d5,Cálculo Diferencial,2025-2,,0,False
a976f1f09d5e4d4322f890d5,Cálculo Diferencial,2025-2,2.15,0,False
a9c7c628e17c7098ba8bb79f,Cálculo Diferencial,2025-2,,0,False
a9c7c628e17c7098ba8bb79f,Cálculo Diferencial,2025-2,3.04,0,False
a9fcf172117bc6d871ec5283,Cálculo Integral,2025-2,,0,False
a9fcf172117bc6d871ec5283,Cálculo Integral,2025-2,2.14,0,False
aa3d0f6c1e5eaf0e1f6b71fc,Cálculo Diferencial,2026-1,,1,True
aa3d0f6c1e5eaf0e1f6b71fc,Cálculo Diferencial,2026-1,3.08,1,True
ab7bf148dd11257b4e6337d4,Cálculo Diferencial,2025-2,1.89,0,False
ab7bf148dd11257b4e6337d4,Cálculo Diferencial,2025-2,2.42,0,False
abc996e9bed006259f9f1c8d,Cálculo Integral,2025-2,,0,False
abc996e9bed006259f9f1c8d,Cálculo Integral,2025-2,2.55,0,False
abc996e9bed006259f9f1c8d,Cálculo Integral,2025-2,3.51,0,False
abc996e9bed006259f9f1c8d,Física Mecánica,2025-2,,0,False
abc996e9bed006259f9f1c8d,Física Mecánica,2025-2,3.07,0,False
ac24275cf4a4210620594fd8,Cálculo Integral,2025-2,2.89,1,True
ac24275cf4a4210620594fd8,Cálculo Integral,2025-2,4.66,1,True
ac42e77abbb0953fe5b366ea,Cálculo Integral,2026-1,,0,False
ac42e77abbb0953fe5b366ea,Cálculo Integral,2026-1,2.63,0,False
ac97c58d231b241dbe2fe6b8,Cálculo Diferencial,2026-1,,2,True
ac97c58d231b241dbe2fe6b8,Cálculo Diferencial,2026-1,3.07,2,True
ac97c58d231b241dbe2fe6b8,Geometría Analítica,2026-1,,0,False
ac97c58d231b241dbe2fe6b8,Geometría Analítica,2026-1,3.08,0,False
acd092e7a054e450eeffc019,Geometría Analítica,2026-1,,0,False
acd092e7a054e450eeffc019,Geometría Analítica,2026-1,3.39,0,False
ae2a6ef6065a0bb1b5813870,Física Mecánica,2025-2,,0,False
ae2a6ef6065a0bb1b5813870,Física Mecánica,2025-2,3.38,0,False
af08da599bb9ba2232492b9e,Física Mecánica,2026-1,2.72,0,False
af08da599bb9ba2232492b9e,Física Mecánica,2026-1,3.10,0,False
b19be3ec4b1ffb801c376e1b,Cálculo Vectorial,2025-2,,4,True
b19be3ec4b1ffb801c376e1b,Cálculo Vectorial,2025-2,3.28,4,True
b329e841e9c63609346522d9,Cálculo Diferencial,2026-1,,0,False
b329e841e9c63609346522d9,Cálculo Diferencial,2026-1,3.80,0,False
b3f6802b4ffc54b85c0bbd85,Cálculo Vectorial,2025-2,,0,False
b3f6802b4ffc54b85c0bbd85,Cálculo Vectorial,2025-2,3.00,0,False
b40d9383d251f31c320db8ea,Cálculo Diferencial,2026-1,,0,False
b40d9383d251f31c320db8ea,Cálculo Diferencial,2026-1,3.37,0,False
b6a9aebcbf5c6026d9e60d2a,Cálculo Diferencial,2026-1,,2,True
b6a9aebcbf5c6026d9e60d2a,Cálculo Diferencial,2026-1,3.93,2,True
b81608e54d46841743e21a79,Cálculo Diferencial,2025-2,,0,False
b81608e54d46841743e21a79,Cálculo Diferencial,2025-2,3.27,0,False
b81608e54d46841743e21a79,Fundamentos de Química,2025-2,,0,False
b81608e54d46841743e21a79,Fundamentos de Química,2025-2,3.51,0,False
b9ed86f3ba6f70906e384920,Álgebra Lineal,2025-2,,0,False
b9ed86f3ba6f70906e384920,Álgebra Lineal,2025-2,3.13,0,False
ba7664989d43a62ae458fd04,Electricidad y Magnetismo,2025-2,,4,True
ba7664989d43a62ae458fd04,Electricidad y Magnetismo,2025-2,4.21,4,True
bb2de516c1b9e5c703d15697,Cálculo Diferencial,2026-1,,0,False
bb2de516c1b9e5c703d15697,Cálculo Diferencial,2026-1,4.14,0,False
bc625a3d12c5d3d43f9842b3,Cálculo Diferencial,2025-2,,0,False
bc625a3d12c5d3d43f9842b3,Cálculo Diferencial,2025-2,2.55,0,False
bce750ae8204fb92a5563e28,Geometría Analítica,2026-1,,0,False
bce750ae8204fb92a5563e28,Geometría Analítica,2026-1,2.43,0,False
bd03118da9b3b0627edca4d9,Ecuaciones Diferenciales,2026-1,,0,False
bd03118da9b3b0627edca4d9,Ecuaciones Diferenciales,2026-1,4.90,0,False
bdb4ea3c9453a3092d6bb16f,Geometría Analítica,2026-1,,0,False
bdb4ea3c9453a3092d6bb16f,Geometría Analítica,2026-1,2.77,0,False
bde5d37431b27886412e2cc0,Cálculo Integral,2025-2,,3,True
bde5d37431b27886412e2cc0,Cálculo Integral,2025-2,4.11,3,True
bdf37b87ce0420f93dd011df,Fundamentos Matemáticos,2026-2,,0,False
bdf37b87ce0420f93dd011df,Fundamentos Matemáticos,2026-2,4.60,0,False
be2154aec8b08c610c150cb5,Geometría Analítica,2026-1,,0,False
be2154aec8b08c610c150cb5,Geometría Analítica,2026-1,3.00,0,False
be9d34471597a9d59a196f12,Fundamentos Matemáticos,2026-1,1.91,0,False
be9d34471597a9d59a196f12,Fundamentos Matemáticos,2026-1,5.00,0,False
becb744060a4e3eef89a3acc,Electricidad y Magnetismo,2025-2,,0,False
becb744060a4e3eef89a3acc,Electricidad y Magnetismo,2025-2,2.30,0,False
c19d7e14f4d4e599f64f004b,Ecuaciones Diferenciales,2026-1,,0,False
c19d7e14f4d4e599f64f004b,Ecuaciones Diferenciales,2026-1,4.90,0,False
c1b61c0beaf1a13f7ca53d0c,Geometría Analítica,2026-1,,0,False
c1b61c0beaf1a13f7ca53d0c,Geometría Analítica,2026-1,3.21,0,False
c1f0d40a7e9e49503911a23d,Cálculo Integral,2026-1,,0,False
c1f0d40a7e9e49503911a23d,Cálculo Integral,2026-1,3.02,0,False
c2f22f40da58853e1d827ba5,Cálculo Integral,2025-2,,0,False
c2f22f40da58853e1d827ba5,Cálculo Integral,2025-2,2.53,0,False
c58c9b85fa5df71c12625492,Geometría Analítica,2026-1,,0,False
c58c9b85fa5df71c12625492,Geometría Analítica,2026-1,3.29,0,False
c65cc5f6e76732a98dd80f3f,Cálculo Diferencial,2025-2,2.10,0,False
c65cc5f6e76732a98dd80f3f,Cálculo Diferencial,2025-2,2.49,0,False
c65cc5f6e76732a98dd80f3f,Cálculo Diferencial,2026-1,2.36,0,False
c65cc5f6e76732a98dd80f3f,Cálculo Diferencial,2026-1,3.00,0,False
c6f23c29ed5ac193dfdd87ea,Geometría Analítica,2026-1,,0,False
c6f23c29ed5ac193dfdd87ea,Geometría Analítica,2026-1,3.38,0,False
c85d77736316265ff421539a,Fundamentos de Química,2025-2,,0,False
c85d77736316265ff421539a,Fundamentos de Química,2025-2,2.49,0,False
c87b4ce962bb01e6a562fbaa,Cálculo Diferencial,2025-2,,0,False
c87b4ce962bb01e6a562fbaa,Cálculo Diferencial,2025-2,0.45,0,False
c95a7c2c127a0f2a372630a4,Cálculo Vectorial,2025-2,2.68,3,True
c95a7c2c127a0f2a372630a4,Cálculo Vectorial,2025-2,3.25,3,True
ca03f33604378d76807dccbd,Cálculo Diferencial,2025-2,,0,False
ca03f33604378d76807dccbd,Cálculo Diferencial,2025-2,0.01,0,False
ca03f33604378d76807dccbd,Fundamentos de Química,2025-2,,0,False
ca03f33604378d76807dccbd,Fundamentos de Química,2025-2,0.16,0,False
ca03f33604378d76807dccbd,Geometría Analítica,2025-2,,0,False
ca03f33604378d76807dccbd,Geometría Analítica,2025-2,0.00,0,False
caacd1ae953252c4368e5c32,Cálculo Integral,2025-2,,0,False
caacd1ae953252c4368e5c32,Cálculo Integral,2025-2,3.08,0,False
caacd1ae953252c4368e5c32,Electricidad y Magnetismo,2026-1,,0,False
caacd1ae953252c4368e5c32,Electricidad y Magnetismo,2026-1,2.79,0,False
cdb7e2adee37b00c67c8bce1,Cálculo Diferencial,2026-1,,1,True
cdb7e2adee37b00c67c8bce1,Cálculo Diferencial,2026-1,4.30,1,True
cdb7e2adee37b00c67c8bce1,Geometría Analítica,2026-1,,0,False
cdb7e2adee37b00c67c8bce1,Geometría Analítica,2026-1,4.73,0,False
cddd0e295c748c02e28202c2,Electricidad y Magnetismo,2025-2,,3,True
cddd0e295c748c02e28202c2,Electricidad y Magnetismo,2025-2,3.22,3,True
d020531e17f34a7a71f7e47e,Geometría Analítica,2026-1,,0,False
d020531e17f34a7a71f7e47e,Geometría Analítica,2026-1,3.00,0,False
d087e9387bb0a76e25a6aff9,Cálculo Diferencial,2025-2,,1,True
d087e9387bb0a76e25a6aff9,Cálculo Diferencial,2025-2,3.38,1,True
d1d949c957214ec47c8f238e,Cálculo Diferencial,2025-2,,0,False
d1d949c957214ec47c8f238e,Cálculo Diferencial,2025-2,1.18,0,False
d2723da02d89d868fc461d19,Cálculo Diferencial,2026-1,,1,True
d2723da02d89d868fc461d19,Cálculo Diferencial,2026-1,4.17,1,True
d43eee2ea57c6899417be35e,Cálculo Integral,2025-2,2.78,3,True
d43eee2ea57c6899417be35e,Cálculo Integral,2025-2,4.03,3,True
d52d31353bf4ca19fa6cc766,Ecuaciones Diferenciales,2026-1,,1,True
d52d31353bf4ca19fa6cc766,Ecuaciones Diferenciales,2026-1,3.54,1,True
d6be489afb4d2033d5cbc94a,Cálculo Integral,2026-1,,0,False
d6be489afb4d2033d5cbc94a,Cálculo Integral,2026-1,3.09,0,False
d6f8f0b7a3bd6a877aeadc6c,Cálculo Integral,2025-2,2.66,1,True
d6f8f0b7a3bd6a877aeadc6c,Cálculo Integral,2025-2,4.49,1,True
d707ebe127c529256ebc3699,Ecuaciones Diferenciales,2026-1,,0,False
d707ebe127c529256ebc3699,Ecuaciones Diferenciales,2026-1,5.00,0,False
d81c96c20f2df3e1218fd665,Cálculo Diferencial,2026-1,,0,False
d81c96c20f2df3e1218fd665,Cálculo Diferencial,2026-1,3.13,0,False
d81c96c20f2df3e1218fd665,Geometría Analítica,2026-1,,0,False
d81c96c20f2df3e1218fd665,Geometría Analítica,2026-1,3.26,0,False
d8ae28b01e3d2e6e0468e891,Cálculo Integral,2025-2,,3,True
d8ae28b01e3d2e6e0468e891,Cálculo Integral,2025-2,3.43,3,True
d92a0d17114a0e3d8ff19709,Física Mecánica,2025-2,,0,False
d92a0d17114a0e3d8ff19709,Física Mecánica,2025-2,3.00,0,False
da26cb24f16ed64d6294a6ee,Ecuaciones Diferenciales,2026-1,,0,False
da26cb24f16ed64d6294a6ee,Ecuaciones Diferenciales,2026-1,3.83,0,False
da2b1a70a04281760874f05a,Cálculo Diferencial,2026-1,2.79,3,True
da2b1a70a04281760874f05a,Cálculo Diferencial,2026-1,4.02,3,True
db5cdd282e35ee5eb4e558e8,Electricidad y Magnetismo,2026-1,,0,False
db5cdd282e35ee5eb4e558e8,Electricidad y Magnetismo,2026-1,3.06,0,False
dc22c16743496bcdc005ea17,Geometría Analítica,2026-1,,1,True
dc22c16743496bcdc005ea17,Geometría Analítica,2026-1,4.69,1,True
dc237f7f606989ad8290ecb0,Cálculo Integral,2026-1,,0,False
dc237f7f606989ad8290ecb0,Cálculo Integral,2026-1,3.01,0,False
dd5117903396a4a1f1f8fe80,Cálculo Integral,2025-2,,0,False
dd5117903396a4a1f1f8fe80,Cálculo Integral,2025-2,4.17,0,False
de292984b27c83a9cdf4149f,Cálculo Diferencial,2025-2,,1,True
de292984b27c83a9cdf4149f,Cálculo Diferencial,2025-2,4.26,1,True
de5cf856d6bd145ad7e12220,Geometría Analítica,2026-1,,0,False
de5cf856d6bd145ad7e12220,Geometría Analítica,2026-1,1.97,0,False
df9e93f64f8b71f2eb9e7ba7,Cálculo Vectorial,2026-1,,0,False
df9e93f64f8b71f2eb9e7ba7,Cálculo Vectorial,2026-1,3.92,0,False
e0ce929e1243cf4bad67934c,Cálculo Vectorial,2025-2,,0,False
e0ce929e1243cf4bad67934c,Cálculo Vectorial,2025-2,3.13,0,False
e10e17d899678aabf4c2e375,Física Mecánica,2025-2,,0,False
e10e17d899678aabf4c2e375,Física Mecánica,2025-2,3.22,0,False
e110e7a46de2d950e6c4b10f,Cálculo Vectorial,2026-1,,0,False
e110e7a46de2d950e6c4b10f,Cálculo Vectorial,2026-1,3.98,0,False
e18211508ddc6c9a52575e4a,Cálculo Diferencial,2026-1,,0,False
e18211508ddc6c9a52575e4a,Cálculo Diferencial,2026-1,3.29,0,False
e3f912211ba546debd1b9777,Fundamentos de Química,2026-1,,2,True
e3f912211ba546debd1b9777,Fundamentos de Química,2026-1,4.54,2,True
e3f912211ba546debd1b9777,Geometría Analítica,2026-1,,7,True
e3f912211ba546debd1b9777,Geometría Analítica,2026-1,3.75,7,True
e49e87b8fb4cb61626a67534,Ecuaciones Diferenciales,2026-1,,0,False
e49e87b8fb4cb61626a67534,Ecuaciones Diferenciales,2026-1,4.90,0,False
e67b916e2eba660d7f3f0a26,Ecuaciones Diferenciales,2025-2,,3,True
e67b916e2eba660d7f3f0a26,Ecuaciones Diferenciales,2025-2,3.00,3,True
e737d3a0b073fd32efc2857b,Física Mecánica,2025-2,2.41,0,False
e737d3a0b073fd32efc2857b,Física Mecánica,2025-2,3.08,0,False
e7b984488792da22c9ba6a71,Física Mecánica,2025-2,,0,False
e7b984488792da22c9ba6a71,Física Mecánica,2025-2,3.62,0,False
e9652fb80f9cd50aaf97f2be,Cálculo Diferencial,2026-1,,0,False
e9652fb80f9cd50aaf97f2be,Cálculo Diferencial,2026-1,2.52,0,False
ea20a3b1acb4a1821f581027,Física Mecánica,2026-1,,0,False
ea20a3b1acb4a1821f581027,Física Mecánica,2026-1,3.48,0,False
ea780b4519ec66db1077300b,Cálculo Integral,2026-1,,0,False
ea780b4519ec66db1077300b,Cálculo Integral,2026-1,3.16,0,False
ea8616a699ca5580c317906c,Electricidad y Magnetismo,2025-2,,0,False
ea8616a699ca5580c317906c,Electricidad y Magnetismo,2025-2,3.04,0,False
eb4ee6cd46a610464fe463ab,Fundamentos de Química,2025-2,,0,False
eb4ee6cd46a610464fe463ab,Fundamentos de Química,2025-2,3.55,0,False
eb51a0d375b386c9bf8c24c5,Cálculo Diferencial,2026-1,,0,False
eb51a0d375b386c9bf8c24c5,Cálculo Diferencial,2026-1,3.01,0,False
f0eb18b81ad858809f6cf066,Cálculo Integral,2025-2,2.88,7,True
f0eb18b81ad858809f6cf066,Cálculo Integral,2025-2,4.77,7,True
f25d90e7377d03393b6f484a,Electricidad y Magnetismo,2025-2,,0,False
f25d90e7377d03393b6f484a,Electricidad y Magnetismo,2025-2,3.90,0,False
f25d90e7377d03393b6f484a,Álgebra Lineal,2025-2,,0,False
f25d90e7377d03393b6f484a,Álgebra Lineal,2025-2,3.70,0,False
f3aa8bf42fba2214b2435bce,Cálculo Integral,2025-2,2.68,0,False
f3aa8bf42fba2214b2435bce,Cálculo Integral,2025-2,3.04,0,False
f4742fbdebd7fc2d115706a1,Cálculo Vectorial,2025-2,,0,False
f4742fbdebd7fc2d115706a1,Cálculo Vectorial,2025-2,3.39,0,False
f6d5f6b5ca4ed38fa002a6b2,Cálculo Diferencial,2026-1,,0,False
f6d5f6b5ca4ed38fa002a6b2,Cálculo Diferencial,2026-1,1.58,0,False
f8ab7392c22c216cba640be9,Cálculo Diferencial,2025-2,,0,False
f8ab7392c22c216cba640be9,Cálculo Diferencial,2025-2,0.00,0,False
f93e2293b8fcc1a70b1505bd,Cálculo Diferencial,2026-1,2.36,2,True
f93e2293b8fcc1a70b1505bd,Cálculo Diferencial,2026-1,3.04,2,True
fa40ed85bc50f3453f0ec3ba,Cálculo Diferencial,2026-1,,0,False
fa40ed85bc50f3453f0ec3ba,Cálculo Diferencial,2026-1,3.00,0,False
fb0d240e77d5b027fb0c681a,Cálculo Vectorial,2026-1,,0,False
fb0d240e77d5b027fb0c681a,Cálculo Vectorial,2026-1,3.00,0,False
fb4359dc62a2baf714162053,Fundamentos Matemáticos,2025-2,,0,False
fb4359dc62a2baf714162053,Fundamentos Matemáticos,2025-2,4.25,0,False
fc8e2aacdb0f2f04dff87b6c,Cálculo Diferencial,2026-1,,0,False
fc8e2aacdb0f2f04dff87b6c,Cálculo Diferencial,2026-1,3.41,0,False
